ID,Work Item Type,Title,Assigned To,State,Tags,Description,Repro Steps
"13860","Bug","[Vega Declarative chart] Text on the chart is overlapping on the chart.",,"New","Test workflow bugs; VegaDeclarativechart","<div><a href=""https://fluentuipr.z22.web.core.windows.net/pull/35546/chart-docsite/storybook/index.html?path=/docs/charts-vegadeclarativechart--docs&amp;globals=storybook_fluentui-react-addon_theme:web-light"">Charts / VegaDeclarativeChart - Docs ⋅ Storybook</a><br> </div>","<div style=""box-sizing:border-box;""><div style=""box-sizing:border-box;""><b style=""box-sizing:border-box;"">Repro steps:</b> </div><div style=""box-sizing:border-box;"">1. Click on link provided. </div><div style=""box-sizing:border-box;"">2. select chart 719 </div><div style=""box-sizing:border-box;"">3. mouse hover on the chart&nbsp; and observe the chart </div><div style=""box-sizing:border-box;""><br style=""box-sizing:border-box;""> </div><div style=""box-sizing:border-box;""><span style=""box-sizing:border-box;""><span style=""box-sizing:border-box;""><b style=""box-sizing:border-box;"">Actual behavior:&nbsp;</b></span></span> </div><span style=""box-sizing:border-box;display:inline !important;""></span> </div><span style=""box-sizing:border-box;display:inline !important;""></span><div style=""box-sizing:border-box;""> </div><span style=""box-sizing:border-box;display:inline !important;""></span><span style=""box-sizing:border-box;display:inline !important;"">Text on the chart is overlapping on the chart.</span><div style=""box-sizing:border-box;""><br style=""box-sizing:border-box;""><div style=""box-sizing:border-box;""><span style=""box-sizing:border-box;""><span style=""box-sizing:border-box;""><span style=""box-sizing:border-box;""><b style=""box-sizing:border-box;"">Expected behavior:</b><span style=""box-sizing:border-box;""><b style=""box-sizing:border-box;"">&nbsp;</b></span></span></span></span> </div><div style=""box-sizing:border-box;"">text should be displayed properly. </div><div style=""box-sizing:border-box;""><br style=""box-sizing:border-box;""> </div><div style=""box-sizing:border-box;""><span style=""box-sizing:border-box;""><span style=""box-sizing:border-box;display:inline !important;""><span style=""box-sizing:border-box;""><span style=""box-sizing:border-box;""><b style=""box-sizing:border-box;"">Note:<span style=""box-sizing:border-box;"">&nbsp;</span></b>pleas</span><span style=""box-sizing:border-box;"">e find attached Video for reference</span></span></span></span> </div> </div><br style=""box-sizing:border-box;""><div><b>same issue observed in :382,387,465,466,516,657,719,863,</b> </div>"
"13859","Bug","[Vega Declarative chart] Although the two charts use different display formats, the legend selection and deselection still apply changes to the charts.",,"New","Test workflow bugs; VegaDeclarativechart","<div><a href=""https://fluentuipr.z22.web.core.windows.net/pull/35546/chart-docsite/storybook/index.html?path=/docs/charts-vegadeclarativechart--docs&amp;globals=storybook_fluentui-react-addon_theme:web-light"">Charts / VegaDeclarativeChart - Docs ⋅ Storybook</a><br> </div>","<div><div style=""box-sizing:border-box;""><div style=""box-sizing:border-box;""><b style=""box-sizing:border-box;"">Repro steps:</b> </div><div style=""box-sizing:border-box;"">1. Click on link provided. </div><div style=""box-sizing:border-box;"">2. select chart 1104 </div><div style=""box-sizing:border-box;"">3. mouse hover on the chart bars </div><div style=""box-sizing:border-box;"">4.select and deselect the legends and observe the chart display&nbsp; </div><div style=""box-sizing:border-box;""><br style=""box-sizing:border-box;""> </div><div style=""box-sizing:border-box;""><span style=""box-sizing:border-box;""><span style=""box-sizing:border-box;""><b style=""box-sizing:border-box;"">Actual behavior:&nbsp;</b></span></span> </div><span style=""box-sizing:border-box;display:inline !important;""></span> </div><span style=""box-sizing:border-box;display:inline !important;""></span><div style=""box-sizing:border-box;""> </div><span style=""box-sizing:border-box;display:inline !important;""></span><span style=""display:inline !important;"">Although the two charts use different display formats, the legend selection and deselection still apply changes to the charts.</span><div style=""box-sizing:border-box;""><br style=""box-sizing:border-box;""><div style=""box-sizing:border-box;""><span style=""box-sizing:border-box;""><span style=""box-sizing:border-box;""><span style=""box-sizing:border-box;""><b style=""box-sizing:border-box;"">Expected behavior:</b><span style=""box-sizing:border-box;""><b style=""box-sizing:border-box;"">&nbsp;</b></span></span></span></span> </div><div style=""box-sizing:border-box;"">chart should be displayed properly. </div><div style=""box-sizing:border-box;""><br style=""box-sizing:border-box;""> </div><div style=""box-sizing:border-box;""><span style=""box-sizing:border-box;""><span style=""box-sizing:border-box;display:inline !important;""><span style=""box-sizing:border-box;""><span style=""box-sizing:border-box;""><b style=""box-sizing:border-box;"">Note:<span style=""box-sizing:border-box;"">&nbsp;</span></b>pleas</span><span style=""box-sizing:border-box;"">e find attached Video for reference</span></span></span></span> </div> </div><br style=""box-sizing:border-box;""><br> </div>"
"13858","Bug","[Vega Declarative chart] The area covered by the chart extends beyond the x-axis (y=0).",,"New","Test workflow bugs; VegaDeclarativechart","<div><a href=""https://fluentuipr.z22.web.core.windows.net/pull/35546/chart-docsite/storybook/index.html?path=/docs/charts-vegadeclarativechart--docs&amp;globals=storybook_fluentui-react-addon_theme:web-light"">Charts / VegaDeclarativeChart - Docs ⋅ Storybook</a><br> </div>","<div><div style=""box-sizing:border-box;""><div style=""box-sizing:border-box;""><b style=""box-sizing:border-box;"">Repro steps:</b> </div><div style=""box-sizing:border-box;"">1. Click on link provided. </div><div style=""box-sizing:border-box;"">2. select chart 753 </div><div style=""box-sizing:border-box;"">3.&nbsp; observe the chart display in the chart </div><div style=""box-sizing:border-box;""><br style=""box-sizing:border-box;""> </div><div style=""box-sizing:border-box;""><span style=""box-sizing:border-box;""><span style=""box-sizing:border-box;""><b style=""box-sizing:border-box;"">Actual behavior:&nbsp;</b></span></span> </div><span style=""box-sizing:border-box;display:inline !important;""></span> </div><span style=""box-sizing:border-box;display:inline !important;""></span><div style=""box-sizing:border-box;""> </div><span style=""display:inline !important;""></span>The area covered by the chart extends beyond the x-axis (y=0).<div style=""box-sizing:border-box;""><br style=""box-sizing:border-box;""><div style=""box-sizing:border-box;""><span style=""box-sizing:border-box;""><span style=""box-sizing:border-box;""><span style=""box-sizing:border-box;""><b style=""box-sizing:border-box;"">Expected behavior:</b><span style=""box-sizing:border-box;""><b style=""box-sizing:border-box;"">&nbsp;</b></span></span></span></span> </div><div style=""box-sizing:border-box;"">chart should be displayed properly. </div><div style=""box-sizing:border-box;""><br style=""box-sizing:border-box;""> </div><div style=""box-sizing:border-box;""><span style=""box-sizing:border-box;""><span style=""box-sizing:border-box;display:inline !important;""><span style=""box-sizing:border-box;""><span style=""box-sizing:border-box;""><b style=""box-sizing:border-box;"">Note:<span style=""box-sizing:border-box;"">&nbsp;</span></b>pleas</span><span style=""box-sizing:border-box;"">e find attached Video for reference</span></span></span></span> </div> </div><br><br> </div>"
"13857","Bug","[Vega Declarative chart] Bar is misplaced from the chart and displayed outside of the chart.",,"New","Test workflow bugs; VegaDeclarativechart","<div><a href=""https://fluentuipr.z22.web.core.windows.net/pull/35546/chart-docsite/storybook/index.html?path=/docs/charts-vegadeclarativechart--docs&amp;globals=storybook_fluentui-react-addon_theme:web-light"">Charts / VegaDeclarativeChart - Docs ⋅ Storybook</a><br> </div>","<div><div style=""box-sizing:border-box;""><div style=""box-sizing:border-box;""><b style=""box-sizing:border-box;"">Repro steps:</b> </div><div style=""box-sizing:border-box;"">1. Click on link provided. </div><div style=""box-sizing:border-box;"">2. select chart 753 </div><div style=""box-sizing:border-box;"">3.&nbsp; observe the chart display in the chart </div><div style=""box-sizing:border-box;""><br style=""box-sizing:border-box;""> </div><div style=""box-sizing:border-box;""><span style=""box-sizing:border-box;""><span style=""box-sizing:border-box;""><b style=""box-sizing:border-box;"">Actual behavior:&nbsp;</b></span></span> </div><span style=""box-sizing:border-box;display:inline !important;""></span> </div><span style=""box-sizing:border-box;display:inline !important;""></span><div style=""box-sizing:border-box;""> </div>Bar is misplaced from the chart and displayed outside of the chart.<div style=""box-sizing:border-box;""><br style=""box-sizing:border-box;""><div style=""box-sizing:border-box;""><span style=""box-sizing:border-box;""><span style=""box-sizing:border-box;""><span style=""box-sizing:border-box;""><b style=""box-sizing:border-box;"">Expected behavior:</b><span style=""box-sizing:border-box;""><b style=""box-sizing:border-box;"">&nbsp;</b></span></span></span></span> </div><div style=""box-sizing:border-box;"">chart should be displayed properly. </div><div style=""box-sizing:border-box;""><br style=""box-sizing:border-box;""> </div><div style=""box-sizing:border-box;""><span style=""box-sizing:border-box;""><span style=""box-sizing:border-box;display:inline !important;""><span style=""box-sizing:border-box;""><span style=""box-sizing:border-box;""><b style=""box-sizing:border-box;"">Note:<span style=""box-sizing:border-box;"">&nbsp;</span></b>pleas</span><span style=""box-sizing:border-box;"">e find attached Video for reference</span></span></span></span> </div> </div><br><br> </div>"
"13856","Bug","[Vega Declarative chart] some of the chart numbers are displayed twice in the dropdown.",,"New","Test workflow bugs; VegaDeclarativechart","<div><a href=""https://fluentuipr.z22.web.core.windows.net/pull/35546/chart-docsite/storybook/index.html?path=/docs/charts-vegadeclarativechart--docs&amp;globals=storybook_fluentui-react-addon_theme:web-light"">Charts / VegaDeclarativeChart - Docs ⋅ Storybook</a><br> </div>","<div><div style=""box-sizing:border-box;""><div style=""box-sizing:border-box;""><b style=""box-sizing:border-box;"">Repro steps:</b> </div><div style=""box-sizing:border-box;"">1. Click on link provided. </div><div style=""box-sizing:border-box;"">2. select chart 1000 </div><div style=""box-sizing:border-box;"">3.&nbsp; observe the numbers in the chart </div><div style=""box-sizing:border-box;""><br style=""box-sizing:border-box;""> </div><div style=""box-sizing:border-box;""><span style=""box-sizing:border-box;""><span style=""box-sizing:border-box;""><b style=""box-sizing:border-box;"">Actual behavior:&nbsp;</b></span></span> </div><span style=""box-sizing:border-box;display:inline !important;""></span> </div><span style=""box-sizing:border-box;display:inline !important;""></span><div style=""box-sizing:border-box;"">some of the chart numbers are displayed twice in the dropdown. </div><div style=""box-sizing:border-box;""><br style=""box-sizing:border-box;""><div style=""box-sizing:border-box;""><span style=""box-sizing:border-box;""><span style=""box-sizing:border-box;""><span style=""box-sizing:border-box;""><b style=""box-sizing:border-box;"">Expected behavior:</b><span style=""box-sizing:border-box;""><b style=""box-sizing:border-box;"">&nbsp;</b></span></span></span></span> </div><div style=""box-sizing:border-box;"">chart should not be displayed twice and loaded properly. </div><div style=""box-sizing:border-box;""><br style=""box-sizing:border-box;""> </div><div style=""box-sizing:border-box;""><span style=""box-sizing:border-box;""><span style=""box-sizing:border-box;display:inline !important;""><span style=""box-sizing:border-box;""><span style=""box-sizing:border-box;""><b style=""box-sizing:border-box;"">Note:<span style=""box-sizing:border-box;"">&nbsp;</span></b>pleas</span><span style=""box-sizing:border-box;"">e find attached Video for reference</span></span></span></span> </div> </div><br> </div>"
"13855","Bug","[Vega Declarative chart] For some of the charts are not loading/empty, showing error and only legends loading.",,"New","Test workflow bugs; VegaDeclarativechart","<div><a href=""https://fluentuipr.z22.web.core.windows.net/pull/35546/chart-docsite/storybook/index.html?path=/docs/charts-vegadeclarativechart--docs&amp;globals=storybook_fluentui-react-addon_theme:web-light"">Charts / VegaDeclarativeChart - Docs ⋅ Storybook</a><br> </div>","<div><div style=""box-sizing:border-box;""><div style=""box-sizing:border-box;""><b style=""box-sizing:border-box;"">Repro steps:</b> </div><div style=""box-sizing:border-box;"">1. Click on link provided. </div><div style=""box-sizing:border-box;"">2. select chart 343 </div><div style=""box-sizing:border-box;"">3.&nbsp; observe the chart </div><div style=""box-sizing:border-box;""><br style=""box-sizing:border-box;""> </div><div style=""box-sizing:border-box;""><span style=""box-sizing:border-box;""><span style=""box-sizing:border-box;""><b style=""box-sizing:border-box;"">Actual behavior:&nbsp;</b></span></span> </div><span style=""box-sizing:border-box;display:inline !important;""></span> </div><span style=""box-sizing:border-box;display:inline !important;""></span>For some of the charts are not loading/empty, showing error and only legends loading.<div style=""box-sizing:border-box;""><br style=""box-sizing:border-box;""><div style=""box-sizing:border-box;""><span style=""box-sizing:border-box;""><span style=""box-sizing:border-box;""><span style=""box-sizing:border-box;""><b style=""box-sizing:border-box;"">Expected behavior:</b><span style=""box-sizing:border-box;""><b style=""box-sizing:border-box;"">&nbsp;</b></span></span></span></span> </div><div style=""box-sizing:border-box;"">chart should be displayed and loaded properly. </div><div style=""box-sizing:border-box;""><br style=""box-sizing:border-box;""> </div><div style=""box-sizing:border-box;""><span style=""box-sizing:border-box;""><span style=""box-sizing:border-box;display:inline !important;""><span style=""box-sizing:border-box;""><span style=""box-sizing:border-box;""><b style=""box-sizing:border-box;"">Note:<span style=""box-sizing:border-box;"">&nbsp;</span></b>pleas</span><span style=""box-sizing:border-box;"">e find attached Video for reference</span></span></span></span> </div> </div><br><b>same issue observed in :</b> </div><div><b><br></b> </div><div><ol><li><b>chart not loading showing error:&nbsp; </b>&nbsp;344,346,355,363,383,386,391,399,400,416,424,425,427,431,432,441,488,506,539,543,544,546,548,549,551,552,554,556,560,561,562,569,622,623,624,625,626,627,628, 629,630,631,632,633,634,710,716,717,718,721,724,727,728,754,789,796,822,840, 841,842,846,848,850,851,852,868,870,896,897,898,899,900,901,902,903,904,905,906,907, 908,909,910,911,912,923,924,925,926,927,944,1107, </li><li><b>chart showing empty nothing loading:&nbsp;</b>190,568,871 to 892,&nbsp;1013,1014,1015 </li><li><b>only legends loading and chart is not loading:</b>1023,1101 </li> </ol><div><b><br></b> </div><div><b><br></b> </div><b></b> </div>"
"13807","Bug","[Vega Declarative chart] The chart disappears when a chart number is selected.",,"New","Test workflow bugs; VegaDeclarativechart","<div><a href=""https://fluentuipr.z22.web.core.windows.net/pull/35546/chart-docsite/storybook/index.html?path=/docs/charts-vegadeclarativechart--docs&amp;globals=storybook_fluentui-react-addon_theme:web-light"">Charts / VegaDeclarativeChart - Docs ⋅ Storybook</a><br> </div>","<div><div style=""box-sizing:border-box;""><div style=""box-sizing:border-box;""><b style=""box-sizing:border-box;"">Repro steps:</b> </div><div style=""box-sizing:border-box;"">1. Click on link provided. </div><div style=""box-sizing:border-box;"">2. select chart 141 </div><div style=""box-sizing:border-box;"">3.&nbsp; observe the chart </div><div style=""box-sizing:border-box;""><br style=""box-sizing:border-box;""> </div><div style=""box-sizing:border-box;""><span style=""box-sizing:border-box;""><span style=""box-sizing:border-box;""><b style=""box-sizing:border-box;"">Actual behavior:&nbsp;</b></span></span> </div><span style=""box-sizing:border-box;display:inline !important;""></span> </div><span style=""box-sizing:border-box;display:inline !important;""></span><span style=""display:inline !important;"">The chart disappears when a chart number is selected.</span><div style=""box-sizing:border-box;""><br style=""box-sizing:border-box;""><div style=""box-sizing:border-box;""><span style=""box-sizing:border-box;""><span style=""box-sizing:border-box;""><span style=""box-sizing:border-box;""><b style=""box-sizing:border-box;"">Expected behavior:</b><span style=""box-sizing:border-box;""><b style=""box-sizing:border-box;"">&nbsp;</b></span></span></span></span> </div><div style=""box-sizing:border-box;"">chart should be displayed and loaded properly. </div><div style=""box-sizing:border-box;""><br style=""box-sizing:border-box;""> </div><div style=""box-sizing:border-box;""><span style=""box-sizing:border-box;""><span style=""box-sizing:border-box;display:inline !important;""><span style=""box-sizing:border-box;""><span style=""box-sizing:border-box;""><b style=""box-sizing:border-box;"">Note:<span style=""box-sizing:border-box;"">&nbsp;</span></b>pleas</span><span style=""box-sizing:border-box;"">e find attached Video for reference</span></span></span></span> </div> </div><br><br> </div>"
"13806","Bug","[Vega Declarative chart] The data appears twice on mouse hover but is shown only once in the legend.",,"New","Test workflow bugs; VegaDeclarativechart","<div><a href=""https://fluentuipr.z22.web.core.windows.net/pull/35546/chart-docsite/storybook/index.html?path=/docs/charts-vegadeclarativechart--docs&amp;globals=storybook_fluentui-react-addon_theme:web-light"">Charts / VegaDeclarativeChart - Docs ⋅ Storybook</a><br> </div>","<div><div style=""box-sizing:border-box;""><div style=""box-sizing:border-box;""><b style=""box-sizing:border-box;"">Repro steps:</b> </div><div style=""box-sizing:border-box;"">1. Click on link provided. </div><div style=""box-sizing:border-box;"">2. select chart 493 </div><div style=""box-sizing:border-box;"">3. Mouse hover on the chart and observe the chart </div><div style=""box-sizing:border-box;""><br style=""box-sizing:border-box;""> </div><div style=""box-sizing:border-box;""><span style=""box-sizing:border-box;""><span style=""box-sizing:border-box;""><b style=""box-sizing:border-box;"">Actual behavior:&nbsp;</b></span></span> </div><span style=""box-sizing:border-box;display:inline !important;""></span> </div><span style=""box-sizing:border-box;display:inline !important;""></span><span style=""display:inline !important;"">The data appears twice on mouse hover but is shown only once in the legend.</span><div style=""box-sizing:border-box;""><br style=""box-sizing:border-box;""><div style=""box-sizing:border-box;""><span style=""box-sizing:border-box;""><span style=""box-sizing:border-box;""><span style=""box-sizing:border-box;""><b style=""box-sizing:border-box;"">Expected behavior:</b><span style=""box-sizing:border-box;""><b style=""box-sizing:border-box;"">&nbsp;</b></span></span></span></span> </div><div style=""box-sizing:border-box;"">chart and the legend should be displayed as per the data </div><div style=""box-sizing:border-box;""><br style=""box-sizing:border-box;""> </div><div style=""box-sizing:border-box;""><span style=""box-sizing:border-box;""><span style=""box-sizing:border-box;display:inline !important;""><span style=""box-sizing:border-box;""><span style=""box-sizing:border-box;""><b style=""box-sizing:border-box;"">Note:<span style=""box-sizing:border-box;"">&nbsp;</span></b>pleas</span><span style=""box-sizing:border-box;"">e find attached Video for reference</span></span></span></span> </div> </div><br> </div>"
"13794","Bug","[Vega Declarative chart] When mouse hover on the chart data is not visible.",,"New","Test workflow bugs; VegaDeclarativechart","<div><a href=""https://fluentuipr.z22.web.core.windows.net/pull/35546/chart-docsite/storybook/index.html?path=/docs/charts-vegadeclarativechart--docs&amp;globals=storybook_fluentui-react-addon_theme:web-light"">Charts / VegaDeclarativeChart - Docs ⋅ Storybook</a><br> </div>","<div style=""box-sizing:border-box;""><div style=""box-sizing:border-box;""><b style=""box-sizing:border-box;"">Repro steps:</b> </div><div style=""box-sizing:border-box;"">1. Click on link provided. </div><div style=""box-sizing:border-box;"">2. select<span style=""box-sizing:border-box;"">&nbsp;AreaMultiseriesnostack</span> </div><div style=""box-sizing:border-box;"">3. mouse hover on the chart and observe the data. </div><div style=""box-sizing:border-box;""><br style=""box-sizing:border-box;""> </div><div style=""box-sizing:border-box;""><span style=""box-sizing:border-box;""><span style=""box-sizing:border-box;""><b style=""box-sizing:border-box;"">Actual behavior:&nbsp;</b></span></span> </div><span style=""box-sizing:border-box;display:inline !important;""></span> </div><span style=""box-sizing:border-box;display:inline !important;""></span><span style=""box-sizing:border-box;display:inline !important;""></span><span style=""box-sizing:border-box;display:inline !important;""></span><span style=""box-sizing:border-box;display:inline !important;"">mouse hover on the chart data is not visible.</span><div style=""box-sizing:border-box;""><br style=""box-sizing:border-box;""><div style=""box-sizing:border-box;""><span style=""box-sizing:border-box;""><span style=""box-sizing:border-box;""><span style=""box-sizing:border-box;""><b style=""box-sizing:border-box;"">Expected behavior:</b><span style=""box-sizing:border-box;""><b style=""box-sizing:border-box;"">&nbsp;</b></span></span></span></span> </div><div style=""box-sizing:border-box;"">mouse hover data should be visible. </div><div style=""box-sizing:border-box;""><br> </div><div style=""box-sizing:border-box;""><span style=""box-sizing:border-box;""><span style=""box-sizing:border-box;display:inline !important;""><span style=""box-sizing:border-box;""><span style=""box-sizing:border-box;""><b style=""box-sizing:border-box;"">Note:<span style=""box-sizing:border-box;"">&nbsp;</span></b>pleas</span><span style=""box-sizing:border-box;"">e find attached Video for reference</span></span></span></span> </div> </div><div><b><br></b> </div><div><b>same issue observed in :&nbsp;</b> Areamultiseiesnostack,46,328,360,985,986,987,1029,1110,1140, </div>"
"13793","Bug","[Vega Declarative chart] Legend representation is different.",,"New","Test workflow bugs; VegaDeclarativechart","<div><a href=""https://fluentuipr.z22.web.core.windows.net/pull/35546/chart-docsite/storybook/index.html?path=/docs/charts-vegadeclarativechart--docs&amp;globals=storybook_fluentui-react-addon_theme:web-light"">Charts / VegaDeclarativeChart - Docs ⋅ Storybook</a><br> </div>","<div><div style=""box-sizing:border-box;""><div style=""box-sizing:border-box;""><b style=""box-sizing:border-box;"">Repro steps:</b> </div><div style=""box-sizing:border-box;"">1. Click on link provided. </div><div style=""box-sizing:border-box;"">2. select<span>&nbsp;Adctrscatter</span> </div><div style=""box-sizing:border-box;"">3. observe the legends displayed on the chart&nbsp; </div><div style=""box-sizing:border-box;""><br style=""box-sizing:border-box;""> </div><div style=""box-sizing:border-box;""><span style=""box-sizing:border-box;""><span style=""box-sizing:border-box;""><b style=""box-sizing:border-box;"">Actual behavior:&nbsp;</b></span></span> </div><span style=""box-sizing:border-box;display:inline !important;""></span> </div><span style=""box-sizing:border-box;display:inline !important;""></span><span style=""box-sizing:border-box;display:inline !important;""></span><span style=""box-sizing:border-box;display:inline !important;""></span><span style=""display:inline !important;"">Legend representation is different.</span><div style=""box-sizing:border-box;""><br style=""box-sizing:border-box;""><div style=""box-sizing:border-box;""><span style=""box-sizing:border-box;""><span style=""box-sizing:border-box;""><span style=""box-sizing:border-box;""><b style=""box-sizing:border-box;"">Expected behavior:</b><span style=""box-sizing:border-box;""><b style=""box-sizing:border-box;"">&nbsp;</b></span></span></span></span> </div><div style=""box-sizing:border-box;""><b>legend should be aligned properly.</b> </div><div style=""box-sizing:border-box;""><b><br></b> </div><div style=""box-sizing:border-box;""><span style=""box-sizing:border-box;""><span style=""box-sizing:border-box;display:inline !important;""><span style=""box-sizing:border-box;""><span style=""box-sizing:border-box;""><b style=""box-sizing:border-box;"">Note:<span style=""box-sizing:border-box;"">&nbsp;</span></b>pleas</span><span style=""box-sizing:border-box;"">e find attached Video for reference</span></span></span></span> </div><div style=""box-sizing:border-box;""><span style=""box-sizing:border-box;""><span style=""box-sizing:border-box;display:inline !important;""><span style=""box-sizing:border-box;""><span style=""box-sizing:border-box;""><br></span></span></span></span> </div><div style=""box-sizing:border-box;""><span style=""box-sizing:border-box;""><span style=""box-sizing:border-box;display:inline !important;""><span style=""box-sizing:border-box;""><span style=""box-sizing:border-box;""><b>same issue observed in :&nbsp;&nbsp;<span>bmiscatter, climatezonescatter,87, 117,163,196,356,430,433,436,439,450,448,451,452,457,460,462,467,470,475,478,480,483,485,487,491,493,494,497,498,503,514,517,529,532,534,536,541,550,555,558,604,605,<span>617,618,737,738,739,740,741,742,743,744,745,746,747,748,749,788,794,800,801,803,819,823,828,830,833,837,838,839,854,866,913,918,919,920,928,929,930,931,932,933,934,935,936,938,976,1025,1038,1045,1080,1121,1123,1126,1130,1135,1137,1138,1152, &nbsp; &nbsp; &nbsp;<br></span><span></span><br></span><span></span></b></span></span></span></span> </div> </div><br><br> </div>"
"13792","Bug","[Vega Declarative chart] For bar charts, the Y-axis labels overlap the chart title, and deselecting the legend does not hide the legend data.",,"New","Test workflow bugs; VegaDeclarativechart","<div><a href=""https://fluentuipr.z22.web.core.windows.net/pull/35546/chart-docsite/storybook/index.html?path=/docs/charts-vegadeclarativechart--docs&amp;globals=storybook_fluentui-react-addon_theme:web-light"">Charts / VegaDeclarativeChart - Docs ⋅ Storybook</a><br> </div>","<div><div style=""box-sizing:border-box;""><div style=""box-sizing:border-box;""><b style=""box-sizing:border-box;"">Repro steps:</b> </div><div style=""box-sizing:border-box;"">1. Click on link provided. </div><div style=""box-sizing:border-box;"">2. select <span>conversional funnel,&nbsp;</span>bar chart,&nbsp;<span>data 004, data 013</span> </div><div style=""box-sizing:border-box;"">3. select any legend and observe the deselected legend and the y axis data and observe. </div><div style=""box-sizing:border-box;""><br> </div><div style=""box-sizing:border-box;""><span style=""box-sizing:border-box;""><span style=""box-sizing:border-box;""><b style=""box-sizing:border-box;"">Actual behavior:&nbsp;</b></span></span> </div><span style=""box-sizing:border-box;display:inline !important;""></span> </div><span style=""box-sizing:border-box;display:inline !important;""></span><span style=""box-sizing:border-box;display:inline !important;""></span><span style=""display:inline !important;""></span>For bar charts, the Y-axis labels overlap the chart title, and deselecting the legend does not hide the legend data.<div style=""box-sizing:border-box;""><br style=""box-sizing:border-box;""><div style=""box-sizing:border-box;""><span style=""box-sizing:border-box;""><span style=""box-sizing:border-box;""><span style=""box-sizing:border-box;""><b style=""box-sizing:border-box;"">Expected behavior:</b><span style=""box-sizing:border-box;""><b style=""box-sizing:border-box;"">&nbsp;</b></span></span></span></span> </div><div style=""box-sizing:border-box;""><b style=""box-sizing:border-box;"">deselected data should not be visible properly and the text should be visible properly.</b> </div><div style=""box-sizing:border-box;""><b style=""box-sizing:border-box;""><br style=""box-sizing:border-box;""></b> </div><div style=""box-sizing:border-box;""><span style=""box-sizing:border-box;""><span style=""box-sizing:border-box;display:inline !important;""><span style=""box-sizing:border-box;""><span style=""box-sizing:border-box;""><b style=""box-sizing:border-box;"">Note:<span style=""box-sizing:border-box;"">&nbsp;</span></b>pleas</span><span style=""box-sizing:border-box;"">e find attached Video for reference</span></span></span></span> </div><div style=""box-sizing:border-box;""><span style=""box-sizing:border-box;""><span style=""box-sizing:border-box;display:inline !important;""><span style=""box-sizing:border-box;""><span style=""box-sizing:border-box;""><b><br></b></span></span></span></span> </div><div style=""box-sizing:border-box;""><span style=""box-sizing:border-box;""><span style=""box-sizing:border-box;display:inline !important;""><span style=""box-sizing:border-box;""><span style=""box-sizing:border-box;""><b>same issue observed in:</b></span></span></span></span> </div><div style=""box-sizing:border-box;""><span style=""box-sizing:border-box;""><span style=""box-sizing:border-box;display:inline !important;""><span style=""box-sizing:border-box;""><span style=""box-sizing:border-box;""><span>1048,1064,1106,1114,1145,1153,1156,1160,<br></span><span></span><br></span></span></span></span> </div> </div><br> </div>"
"13791","Bug","[Vega Declarative chart] some of the chart numbers are missing in the chart type.",,"New","Test workflow bugs; VegaDeclarativechart","<div><a href=""https://fluentuipr.z22.web.core.windows.net/pull/35546/chart-docsite/storybook/index.html?path=/docs/charts-vegadeclarativechart--docs&amp;globals=storybook_fluentui-react-addon_theme:web-light"">Charts / VegaDeclarativeChart - Docs ⋅ Storybook</a><br> </div>","<div><div style=""box-sizing:border-box;""><div style=""box-sizing:border-box;""><b style=""box-sizing:border-box;"">Repro steps:</b> </div><div style=""box-sizing:border-box;"">1. Click on link provided. </div><div style=""box-sizing:border-box;"">2. select chart type&nbsp; </div><div style=""box-sizing:border-box;"">3. scroll the charts and observe the chart numbers. </div><div style=""box-sizing:border-box;""><br style=""box-sizing:border-box;""> </div><div style=""box-sizing:border-box;""><span style=""box-sizing:border-box;""><span style=""box-sizing:border-box;""><b style=""box-sizing:border-box;"">Actual behavior:&nbsp;</b></span></span> </div><span style=""box-sizing:border-box;display:inline !important;""></span> </div><span style=""box-sizing:border-box;display:inline !important;""></span><span style=""box-sizing:border-box;display:inline !important;""></span><span style=""display:inline !important;"">&nbsp;some of the chart numbers are missing in the chart type.</span><div style=""box-sizing:border-box;""><br style=""box-sizing:border-box;""><div style=""box-sizing:border-box;""><span style=""box-sizing:border-box;""><span style=""box-sizing:border-box;""><span style=""box-sizing:border-box;""><b style=""box-sizing:border-box;"">Expected behavior:</b><span style=""box-sizing:border-box;""><b style=""box-sizing:border-box;"">&nbsp;</b></span></span></span></span> </div><div style=""box-sizing:border-box;""><b>chart numbers should not miss in the middle of the chart.</b> </div><div style=""box-sizing:border-box;""><b><br></b> </div><div style=""box-sizing:border-box;""><span style=""box-sizing:border-box;""><span style=""box-sizing:border-box;display:inline !important;""><span style=""box-sizing:border-box;""><span style=""box-sizing:border-box;""><b style=""box-sizing:border-box;"">Note:<span style=""box-sizing:border-box;"">&nbsp;</span></b>pleas</span><span style=""box-sizing:border-box;"">e find attached Video for reference</span></span></span></span> </div> </div><br><br> </div>"
"13787","Bug","[Vega Declarative chart] Dark theme is not applied properly to the chart.",,"New","Test workflow bugs; VegaDeclarativechart","<div><a href=""https://fluentuipr.z22.web.core.windows.net/pull/35546/chart-docsite/storybook/index.html?path=/docs/charts-vegadeclarativechart--docs&amp;globals=storybook_fluentui-react-addon_theme:web-light"">Charts / VegaDeclarativeChart - Docs ⋅ Storybook</a><br> </div>","<div style=""box-sizing:border-box;""><div style=""box-sizing:border-box;""><b style=""box-sizing:border-box;"">Repro steps:</b> </div><div style=""box-sizing:border-box;"">1. Click on link provided. </div><div style=""box-sizing:border-box;"">2. select any chart&nbsp; </div><div style=""box-sizing:border-box;"">3. Apply the dark theme and observe the chart. </div><div style=""box-sizing:border-box;""><br> </div><div style=""box-sizing:border-box;""><span style=""box-sizing:border-box;""><span style=""box-sizing:border-box;""><b style=""box-sizing:border-box;"">Actual behavior:&nbsp;</b></span></span> </div><span style=""box-sizing:border-box;display:inline !important;""></span> </div><span style=""box-sizing:border-box;display:inline !important;""></span><span style=""display:inline !important;""></span>Dark theme is not applied properly to the chart.<div style=""box-sizing:border-box;""><br style=""box-sizing:border-box;""><div style=""box-sizing:border-box;""><span style=""box-sizing:border-box;""><span style=""box-sizing:border-box;""><span style=""box-sizing:border-box;""><b style=""box-sizing:border-box;"">Expected behavior:</b><span style=""box-sizing:border-box;""><b style=""box-sizing:border-box;"">&nbsp;</b></span></span></span></span> </div><div style=""box-sizing:border-box;""><b>x axis data is cutting off and text not visible completely.</b> </div><div style=""box-sizing:border-box;""><b style=""box-sizing:border-box;""><br style=""box-sizing:border-box;""></b> </div><div style=""box-sizing:border-box;""><span style=""box-sizing:border-box;""><span style=""box-sizing:border-box;display:inline !important;""><span style=""box-sizing:border-box;""><span style=""box-sizing:border-box;""><b style=""box-sizing:border-box;"">Note:<span style=""box-sizing:border-box;"">&nbsp;</span></b>pleas</span><span style=""box-sizing:border-box;"">e find attached Video for reference</span></span></span></span> </div> </div><br style=""box-sizing:border-box;""><br>"
"13744","Bug","[Vega Declarative chart] The x-axis bar text is missing, but they appear on mouse hover.",,"New","Test workflow bugs; VegaDeclarativechart","<div><a href=""https://fluentuipr.z22.web.core.windows.net/pull/35546/chart-docsite/storybook/index.html?path=/docs/charts-vegadeclarativechart--docs"">Charts / VegaDeclarativeChart - Docs ⋅ Storybook</a><br> </div>","<div style=""box-sizing:border-box;""><div style=""box-sizing:border-box;""><b style=""box-sizing:border-box;"">Repro steps:</b> </div><div style=""box-sizing:border-box;"">1. Click on link provided. </div><div style=""box-sizing:border-box;"">2. select chart&nbsp; ordering value ascending </div><div style=""box-sizing:border-box;"">3. observe the x axis text of the bars </div><div style=""box-sizing:border-box;""><br> </div><div style=""box-sizing:border-box;""><span style=""box-sizing:border-box;""><span style=""box-sizing:border-box;""><b style=""box-sizing:border-box;"">Actual behavior:&nbsp;</b></span></span> </div><span style=""box-sizing:border-box;display:inline !important;""></span> </div><span style=""box-sizing:border-box;display:inline !important;""></span>x axis text is missing for 2 bars.<div style=""box-sizing:border-box;""><br style=""box-sizing:border-box;""><div style=""box-sizing:border-box;""><span style=""box-sizing:border-box;""><span style=""box-sizing:border-box;""><span style=""box-sizing:border-box;""><b style=""box-sizing:border-box;"">Expected behavior:</b><span style=""box-sizing:border-box;""><b style=""box-sizing:border-box;"">&nbsp;</b></span></span></span></span> </div><div style=""box-sizing:border-box;""><b>all bar data should be visible.</b> </div><div style=""box-sizing:border-box;""><b><br></b> </div><div style=""box-sizing:border-box;""><span style=""box-sizing:border-box;""><span style=""box-sizing:border-box;display:inline !important;""><span style=""box-sizing:border-box;""><span style=""box-sizing:border-box;""><b style=""box-sizing:border-box;"">Note:<span style=""box-sizing:border-box;"">&nbsp;</span></b>pleas</span><span style=""box-sizing:border-box;"">e find attached Video for reference</span></span></span></span> </div> </div><div><br> </div><div><b>same issue observed in:</b> </div><div><b><span>compaignperformancecombo,91, 98, 100, 104, 106,121,137,186,187,198,202,219,224,229,242,243,254,266,269,270,274,292,299,303,304,317,319,321,324,326,345,347,351,356,372,374,495,504,508,518,527,640,641,642,643,644,646,647,648,654,658,659,661,663,667,668,674,677,751,753,772,775,779,787,802,813,817,824,843,844,845,849,861,981,982,983,984,994,995,997,999,1000,1001,1063,1093,1115,1116,1118,1150,1154,<br></span><div><br> </div><span></span><br></b> </div><div><br> </div><br>"
"13743","Bug","[Vega Declarative chart] When all legends are deselected in the previous chart, the next chart is not shown.",,"New","Test workflow bugs; VegaDeclarativechart","<div><a href=""https://fluentuipr.z22.web.core.windows.net/pull/35546/chart-docsite/storybook/index.html?path=/docs/charts-vegadeclarativechart--docs"">Charts / VegaDeclarativeChart - Docs ⋅ Storybook</a><br> </div>","<div style=""box-sizing:border-box;""><div style=""box-sizing:border-box;""><b style=""box-sizing:border-box;"">Repro steps:</b> </div><div style=""box-sizing:border-box;"">1. Click on link provided. </div><div style=""box-sizing:border-box;"">2. select chart streaming<span style=""font-family:Consolas;font-size:11pt;"">&nbsp;viewership combo</span> </div><div style=""box-sizing:border-box;"">3. deselect the legends in the above and below chart&nbsp; </div><div style=""box-sizing:border-box;"">4.observe the chart </div><div style=""box-sizing:border-box;""><br style=""box-sizing:border-box;""> </div><div style=""box-sizing:border-box;""><span style=""box-sizing:border-box;""><span style=""box-sizing:border-box;""><b style=""box-sizing:border-box;"">Actual behavior:&nbsp;</b></span></span> </div> </div>When all legends are deselected in the previous chart, the next chart is not shown.<div style=""box-sizing:border-box;""><br style=""box-sizing:border-box;""><div style=""box-sizing:border-box;""><span style=""box-sizing:border-box;""><span style=""box-sizing:border-box;""><span style=""box-sizing:border-box;""><b style=""box-sizing:border-box;"">Expected behavior:</b><span style=""box-sizing:border-box;""><b style=""box-sizing:border-box;"">&nbsp;</b></span></span></span></span> </div><div style=""box-sizing:border-box;""><b>chart should be visible.</b> </div><div style=""box-sizing:border-box;""><b style=""box-sizing:border-box;""><br style=""box-sizing:border-box;""></b> </div><div style=""box-sizing:border-box;""><span style=""box-sizing:border-box;""><span style=""box-sizing:border-box;display:inline !important;""><span style=""box-sizing:border-box;""><span style=""box-sizing:border-box;""><b style=""box-sizing:border-box;"">Note:<span style=""box-sizing:border-box;"">&nbsp;</span></b>pleas</span><span style=""box-sizing:border-box;"">e find attached Video for reference</span></span></span></span> </div> </div><br style=""box-sizing:border-box;""><br>"
"13742","Bug","[Vega Declarative chart] Data is not visible as we mouse hover on the chart.","Thanneeru Deepika (TATA CONSULTANCY SERVICES LTD) <v-tdeepika@microsoft.com>","Closed","Test workflow bugs; VegaDeclarativechart","<div><a href=""https://fluentuipr.z22.web.core.windows.net/pull/35546/chart-docsite/storybook/index.html?path=/docs/charts-vegadeclarativechart--docs"">Charts / VegaDeclarativeChart - Docs ⋅ Storybook</a><br> </div>","<div style=""box-sizing:border-box;""><div style=""box-sizing:border-box;""><b style=""box-sizing:border-box;"">Repro steps:</b> </div><div style=""box-sizing:border-box;"">1. Click on link provided. </div><div style=""box-sizing:border-box;"">2. select chart&nbsp; Multiplot Mobile App analytics. </div><div style=""box-sizing:border-box;"">3. mouse hover on the chart preview chart and observe&nbsp; </div><div style=""box-sizing:border-box;""><br style=""box-sizing:border-box;""> </div><div style=""box-sizing:border-box;""><span style=""box-sizing:border-box;""><span style=""box-sizing:border-box;""><b style=""box-sizing:border-box;"">Actual behavior:&nbsp;</b></span></span> </div><span style=""box-sizing:border-box;display:inline !important;""></span> </div><span style=""box-sizing:border-box;display:inline !important;""></span><span style=""display:inline !important;"">Data is not visible as we mouse hover on the chart.</span><div style=""box-sizing:border-box;""><br style=""box-sizing:border-box;""><div style=""box-sizing:border-box;""><span style=""box-sizing:border-box;""><span style=""box-sizing:border-box;""><span style=""box-sizing:border-box;""><b style=""box-sizing:border-box;"">Expected behavior:</b><span style=""box-sizing:border-box;""><b style=""box-sizing:border-box;"">&nbsp;</b></span></span></span></span> </div><div style=""box-sizing:border-box;""><b>data should be visible.</b> </div><div style=""box-sizing:border-box;""><b style=""box-sizing:border-box;""><br style=""box-sizing:border-box;""></b> </div><div style=""box-sizing:border-box;""><span style=""box-sizing:border-box;""><span style=""box-sizing:border-box;display:inline !important;""><span style=""box-sizing:border-box;""><span style=""box-sizing:border-box;""><b style=""box-sizing:border-box;"">Note:<span style=""box-sizing:border-box;"">&nbsp;</span></b>pleas</span><span style=""box-sizing:border-box;"">e find attached Video for reference</span></span></span></span> </div> </div><br><br>"
"13741","Bug","[Vega Declarative chart] legends are not working as per the selection of the legends.",,"New","Test workflow bugs; VegaDeclarativechart","<div><a href=""https://fluentuipr.z22.web.core.windows.net/pull/35546/chart-docsite/storybook/index.html?path=/docs/charts-vegadeclarativechart--docs"">Charts / VegaDeclarativeChart - Docs ⋅ Storybook</a><br> </div>","<div style=""box-sizing:border-box;""><div style=""box-sizing:border-box;""><b style=""box-sizing:border-box;"">Repro steps:</b> </div><div style=""box-sizing:border-box;"">1. Click on link provided. </div><div style=""box-sizing:border-box;"">2. select multiplot web analytics </div><div style=""box-sizing:border-box;"">3. select the legends and mouse hover on the chart. </div><div style=""box-sizing:border-box;""><br style=""box-sizing:border-box;""> </div><div style=""box-sizing:border-box;""><span style=""box-sizing:border-box;""><span style=""box-sizing:border-box;""><b style=""box-sizing:border-box;"">Actual behavior:&nbsp;</b></span></span> </div><span style=""box-sizing:border-box;display:inline !important;""></span> </div><span style=""box-sizing:border-box;display:inline !important;""></span><span style=""display:inline !important;"">legends are not working as per the selection of the legends.</span><div style=""box-sizing:border-box;""><br style=""box-sizing:border-box;""><div style=""box-sizing:border-box;""><span style=""box-sizing:border-box;""><span style=""box-sizing:border-box;""><span style=""box-sizing:border-box;""><b style=""box-sizing:border-box;"">Expected behavior:</b><span style=""box-sizing:border-box;""><b style=""box-sizing:border-box;"">&nbsp;</b></span></span></span></span> </div><div style=""box-sizing:border-box;""><b>selected legends data should only visible on the chart.</b> </div><div style=""box-sizing:border-box;""><b style=""box-sizing:border-box;""><br style=""box-sizing:border-box;""></b> </div><div style=""box-sizing:border-box;""><span style=""box-sizing:border-box;""><span style=""box-sizing:border-box;display:inline !important;""><span style=""box-sizing:border-box;""><span style=""box-sizing:border-box;""><b style=""box-sizing:border-box;"">Note:<span style=""box-sizing:border-box;"">&nbsp;</span></b>pleas</span><span style=""box-sizing:border-box;"">e find attached Video for reference</span></span></span></span> </div><div style=""box-sizing:border-box;""><br> </div><div style=""box-sizing:border-box;""><span style=""box-sizing:border-box;""><span style=""box-sizing:border-box;display:inline !important;""><span style=""box-sizing:border-box;""><span style=""box-sizing:border-box;""><b>same issue observed in: 1020</b></span></span></span></span> </div><div style=""box-sizing:border-box;""><span style=""box-sizing:border-box;""><span style=""box-sizing:border-box;display:inline !important;""><span style=""box-sizing:border-box;""><span style=""box-sizing:border-box;""><b><br></b></span></span></span></span> </div><div style=""box-sizing:border-box;""><span style=""box-sizing:border-box;""><span style=""box-sizing:border-box;display:inline !important;""><span style=""box-sizing:border-box;""><span style=""box-sizing:border-box;""><b>unable to select/deselect the legends: 423,565,567,1021,1022</b></span></span></span></span> </div> </div><div><br> </div><div><br> </div><br>"
"13740","Bug","[Vega Declarative chart] Text is of the chart is overlapping as we move the horizontal slider.",,"New","Test workflow bugs; VegaDeclarativechart","<div><a href=""https://fluentuipr.z22.web.core.windows.net/pull/35546/chart-docsite/storybook/index.html?path=/docs/charts-vegadeclarativechart--docs"">Charts / VegaDeclarativeChart - Docs ⋅ Storybook</a><br> </div>","<div style=""box-sizing:border-box;""><div style=""box-sizing:border-box;""><b style=""box-sizing:border-box;"">Repro steps:</b> </div><div style=""box-sizing:border-box;"">1. Click on link provided. </div><div style=""box-sizing:border-box;"">2. select chart&nbsp; &nbsp;<span style=""font-family:Consolas;font-size:11pt;"">multi plot web analytics</span> </div><div style=""box-sizing:border-box;"">3. move the horizontal slider and observe the text of the chart. </div><div style=""box-sizing:border-box;""><br> </div><div style=""box-sizing:border-box;""><span style=""box-sizing:border-box;""><span style=""box-sizing:border-box;""><b style=""box-sizing:border-box;"">Actual behavior:&nbsp;</b></span></span> </div><span style=""box-sizing:border-box;display:inline !important;""></span> </div><span style=""box-sizing:border-box;display:inline !important;""></span><span style=""display:inline !important;""></span>Text is of the chart is overlapping as we move the horizontal slider.<div style=""box-sizing:border-box;""><br style=""box-sizing:border-box;""><div style=""box-sizing:border-box;""><span style=""box-sizing:border-box;""><span style=""box-sizing:border-box;""><span style=""box-sizing:border-box;""><b style=""box-sizing:border-box;"">Expected behavior:</b><span style=""box-sizing:border-box;""><b style=""box-sizing:border-box;"">&nbsp;</b></span></span></span></span> </div><div style=""box-sizing:border-box;""><b style=""box-sizing:border-box;"">text and data should be visible.</b> </div><div style=""box-sizing:border-box;""><b style=""box-sizing:border-box;""><br style=""box-sizing:border-box;""></b> </div><div style=""box-sizing:border-box;""><span style=""box-sizing:border-box;""><span style=""box-sizing:border-box;display:inline !important;""><span style=""box-sizing:border-box;""><span style=""box-sizing:border-box;""><b style=""box-sizing:border-box;"">Note:<span style=""box-sizing:border-box;"">&nbsp;</span></b>pleas</span><span style=""box-sizing:border-box;"">e find attached Video for reference</span></span></span></span> </div> </div><br><br><br>"
"13739","Bug","[Vega Declarative chart] Mouse hover data disappears when hovering over it.","Thanneeru Deepika (TATA CONSULTANCY SERVICES LTD) <v-tdeepika@microsoft.com>","Closed","Test workflow bugs; VegaDeclarativechart","<div><a href=""https://fluentuipr.z22.web.core.windows.net/pull/35546/chart-docsite/storybook/index.html?path=/docs/charts-vegadeclarativechart--docs"" style=""box-sizing:border-box;color:rgb(0, 90, 158);text-decoration:underline;cursor:pointer;"">Charts / VegaDeclarativeChart - Docs ⋅ Storybook</a><br> </div>","<div><div style=""box-sizing:border-box;""><div style=""box-sizing:border-box;""><b style=""box-sizing:border-box;"">Repro steps:</b> </div><div style=""box-sizing:border-box;"">1. Click on link provided. </div><div style=""box-sizing:border-box;"">2. select chart grouped bar </div><div style=""box-sizing:border-box;"">3. mouse hover on the chart and observe. </div><div style=""box-sizing:border-box;""><br> </div><div style=""box-sizing:border-box;""><span style=""box-sizing:border-box;""><span style=""box-sizing:border-box;""><b style=""box-sizing:border-box;"">Actual behavior:&nbsp;</b></span></span> </div><span style=""box-sizing:border-box;display:inline !important;""></span> </div><span style=""box-sizing:border-box;display:inline !important;""></span><span style=""display:inline !important;""></span>Mouse hover data disappears when hovering over it.<div style=""box-sizing:border-box;""><br style=""box-sizing:border-box;""><div style=""box-sizing:border-box;""><span style=""box-sizing:border-box;""><span style=""box-sizing:border-box;""><span style=""box-sizing:border-box;""><b style=""box-sizing:border-box;"">Expected behavior:</b><span style=""box-sizing:border-box;""><b style=""box-sizing:border-box;"">&nbsp;</b></span></span></span></span> </div><div style=""box-sizing:border-box;""><b style=""box-sizing:border-box;"">&nbsp;data should be visible.</b> </div><div style=""box-sizing:border-box;""><b style=""box-sizing:border-box;""><br style=""box-sizing:border-box;""></b> </div><div style=""box-sizing:border-box;""><span style=""box-sizing:border-box;""><span style=""box-sizing:border-box;display:inline !important;""><span style=""box-sizing:border-box;""><span style=""box-sizing:border-box;""><b style=""box-sizing:border-box;"">Note:<span style=""box-sizing:border-box;"">&nbsp;</span></b>pleas</span><span style=""box-sizing:border-box;"">e find attached Video for reference</span></span></span></span> </div> </div><br> </div>"
"13738","Bug","[Vega Declarative chart] On mouse hover, the same data is displayed twice.",,"New","Test workflow bugs; VegaDeclarativechart","<div><a href=""https://fluentuipr.z22.web.core.windows.net/pull/35546/chart-docsite/storybook/index.html?path=/docs/charts-vegadeclarativechart--docs"">Charts / VegaDeclarativeChart - Docs ⋅ Storybook</a><br> </div><div><br> </div><div><a href=""https://fluentuipr.z22.web.core.windows.net/pull/35546/chart-docsite/storybook/index.html?path=/docs/charts-vegadeclarativechart--docs&amp;globals=storybook_fluentui-react-addon_theme:web-light"">Charts / VegaDeclarativeChart - Docs ⋅ Storybook</a><br> </div><div> </div>","<div><div style=""box-sizing:border-box;""><div style=""box-sizing:border-box;""><b style=""box-sizing:border-box;"">Repro steps:</b> </div><div style=""box-sizing:border-box;"">1. Click on link provided. </div><div style=""box-sizing:border-box;"">2. select chart ordering value ascending </div><div style=""box-sizing:border-box;"">3. observe the mouse hover chart data. </div><div style=""box-sizing:border-box;""><br> </div><div style=""box-sizing:border-box;""><span style=""box-sizing:border-box;""><span style=""box-sizing:border-box;""><b style=""box-sizing:border-box;"">Actual behavior:&nbsp;</b></span></span> </div><span style=""box-sizing:border-box;display:inline !important;""></span> </div><span style=""box-sizing:border-box;display:inline !important;""></span><span style=""display:inline !important;""></span>On mouse hover, the same data is displayed twice.<div style=""box-sizing:border-box;""><br style=""box-sizing:border-box;""><div style=""box-sizing:border-box;""><span style=""box-sizing:border-box;""><span style=""box-sizing:border-box;""><span style=""box-sizing:border-box;""><b style=""box-sizing:border-box;"">Expected behavior:</b><span style=""box-sizing:border-box;""><b style=""box-sizing:border-box;"">&nbsp;</b></span></span></span></span> </div><div style=""box-sizing:border-box;""><b>should be displayed only once.</b> </div><div style=""box-sizing:border-box;""><b><br></b> </div><div style=""box-sizing:border-box;""><span style=""box-sizing:border-box;""><span style=""box-sizing:border-box;display:inline !important;""><span style=""box-sizing:border-box;""><span style=""box-sizing:border-box;""><b style=""box-sizing:border-box;"">Note:<span style=""box-sizing:border-box;"">&nbsp;</span></b>pleas</span><span style=""box-sizing:border-box;"">e find attached Video for reference</span></span></span></span> </div> </div><br> </div><div><b>same issue observed in</b> :&nbsp;<a href=""https://fluentuipr.z22.web.core.windows.net/pull/35546/chart-docsite/storybook/index.html?path=/docs/charts-vegadeclarativechart--docs&amp;globals=storybook_fluentui-react-addon_theme:web-light"">Charts / VegaDeclarativeChart - Docs ⋅ Storybook</a> </div><div><span>&nbsp;bar chart,conversionfunnel, 4,13,14,22,31,32,41,49,50,58,62,67,68,76,77,90,91,98,100,104,106,121,142,152,175,182,186,205,221,229,237,240,242,243,244,245,246,342,345,347,348,351,374,375,384,388,434,437,453,449,456,461,486,492,518,540,637,640,641,642,643,644,646,649,660,849,857,921,977,978,979,981,983,984,995,997,998,999,1000,1026,1033,1036,1052,1053,1063,1072,1073,1074, 1077,1110,1115,1116,1118,1119, 1121,1122, 1125,1130,1133,1135,1152,<br></span><div><br> </div><span></span><br> </div>"
"13737","Bug","[Vega Declarative chart] The annotation content is missing, with just the text box shown on the chart.",,"New","Test workflow bugs; VegaDeclarativechart","<div><a href=""https://fluentuipr.z22.web.core.windows.net/pull/35546/chart-docsite/storybook/index.html?path=/docs/charts-vegadeclarativechart--docs"">Charts / VegaDeclarativeChart - Docs ⋅ Storybook</a><br> </div><div><br> </div><div><br> </div><div><a href=""https://fluentuipr.z22.web.core.windows.net/pull/35546/chart-docsite/storybook/index.html?path=/docs/charts-vegadeclarativechart--docs&amp;globals=storybook_fluentui-react-addon_theme:web-dark"">Charts / VegaDeclarativeChart - Docs ⋅ Storybook</a><br> </div><div> </div>","<div><div style=""box-sizing:border-box;""><div style=""box-sizing:border-box;""><b style=""box-sizing:border-box;"">Repro steps:</b> </div><div style=""box-sizing:border-box;"">1. Click on link provided. </div><div style=""box-sizing:border-box;"">2. select line&nbsp; chart&nbsp; Annotations&nbsp; </div><div style=""box-sizing:border-box;"">3. observe the chart. </div><div style=""box-sizing:border-box;""><br style=""box-sizing:border-box;""> </div><div style=""box-sizing:border-box;""><span style=""box-sizing:border-box;""><span style=""box-sizing:border-box;""><b style=""box-sizing:border-box;"">Actual behavior:&nbsp;</b></span></span> </div><span style=""box-sizing:border-box;display:inline !important;""></span> </div><span style=""box-sizing:border-box;display:inline !important;""></span><span style=""display:inline !important;""></span>The annotation content is missing, with just the text box shown on the chart.<div style=""box-sizing:border-box;""><br style=""box-sizing:border-box;""><div style=""box-sizing:border-box;""><span style=""box-sizing:border-box;""><span style=""box-sizing:border-box;""><span style=""box-sizing:border-box;""><b style=""box-sizing:border-box;"">Expected behavior:</b><span style=""box-sizing:border-box;""><b style=""box-sizing:border-box;"">&nbsp;</b></span></span></span></span> </div><div style=""box-sizing:border-box;""><b style=""box-sizing:border-box;"">text should be visible on the Annotation chart.</b> </div><div style=""box-sizing:border-box;""><b style=""box-sizing:border-box;""><br style=""box-sizing:border-box;""></b> </div><div style=""box-sizing:border-box;""><span style=""box-sizing:border-box;""><span style=""box-sizing:border-box;display:inline !important;""><span style=""box-sizing:border-box;""><span style=""box-sizing:border-box;""><b style=""box-sizing:border-box;"">Note:<span style=""box-sizing:border-box;"">&nbsp;</span></b>pleas</span><span style=""box-sizing:border-box;"">e find attached Video for reference</span></span></span></span> </div> </div><br><b>same issue observed on :</b> 1097 </div>"
"13736","Bug","[Vega Declarative chart] Legends are misaligned relative to the bar data displayed.",,"New","Test workflow bugs; VegaDeclarativechart","<div><a href=""https://fluentuipr.z22.web.core.windows.net/pull/35546/chart-docsite/storybook/index.html?path=/docs/charts-vegadeclarativechart--docs"">Charts / VegaDeclarativeChart - Docs ⋅ Storybook</a><br> </div>","<div><div style=""box-sizing:border-box;""><div style=""box-sizing:border-box;""><b style=""box-sizing:border-box;"">Repro steps:</b> </div><div style=""box-sizing:border-box;"">1. Click on link provided. </div><div style=""box-sizing:border-box;"">2. select chart&nbsp; ordering value ascending </div><div style=""box-sizing:border-box;"">3. observe the legends </div><div style=""box-sizing:border-box;""><br style=""box-sizing:border-box;""> </div><div style=""box-sizing:border-box;""><span style=""box-sizing:border-box;""><span style=""box-sizing:border-box;""><b style=""box-sizing:border-box;"">Actual behavior:&nbsp;</b></span></span> </div><span style=""box-sizing:border-box;display:inline !important;""></span> </div><span style=""box-sizing:border-box;display:inline !important;""></span><span style=""display:inline !important;""></span>Legends are misaligned relative to the bar data displayed.<div style=""box-sizing:border-box;""><br style=""box-sizing:border-box;""><div style=""box-sizing:border-box;""><span style=""box-sizing:border-box;""><span style=""box-sizing:border-box;""><span style=""box-sizing:border-box;""><b style=""box-sizing:border-box;"">Expected behavior:</b><span style=""box-sizing:border-box;""><b style=""box-sizing:border-box;"">&nbsp;</b></span></span></span></span> </div><div style=""box-sizing:border-box;""><b style=""box-sizing:border-box;"">all the legends data should be visible as per bar data</b> </div><div style=""box-sizing:border-box;""><b style=""box-sizing:border-box;""><br></b> </div><div style=""box-sizing:border-box;""><span style=""box-sizing:border-box;""><span style=""box-sizing:border-box;display:inline !important;""><span style=""box-sizing:border-box;""><span style=""box-sizing:border-box;""><b style=""box-sizing:border-box;"">Note:<span style=""box-sizing:border-box;"">&nbsp;</span></b>pleas</span><span style=""box-sizing:border-box;"">e find attached Video for reference</span></span></span></span> </div> </div><br><br> </div>"
"13735","Bug","[Vega Declarative chart] On mouseover of the chart, data for deselected legends is still visible.","Atishay Jain <atisjai@microsoft.com>","Active","Test workflow bugs; VegaDeclarativechart","<div><a href=""https://fluentuipr.z22.web.core.windows.net/pull/35546/chart-docsite/storybook/index.html?path=/docs/charts-vegadeclarativechart--docs"">Charts / VegaDeclarativeChart - Docs ⋅ Storybook</a><br> </div>","<div><div style=""box-sizing:border-box;""><div style=""box-sizing:border-box;""><b style=""box-sizing:border-box;"">Repro steps:</b> </div><div style=""box-sizing:border-box;"">1. Click on link provided. </div><div style=""box-sizing:border-box;"">2. select chart&nbsp;<span style=""font-family:Consolas;font-size:11pt;"">player stats scatter</span> </div><div style=""box-sizing:border-box;"">3. select any legend and observe the deselected legend data&nbsp; </div><div style=""box-sizing:border-box;""><br style=""box-sizing:border-box;""> </div><div style=""box-sizing:border-box;""><span style=""box-sizing:border-box;""><span style=""box-sizing:border-box;""><b style=""box-sizing:border-box;"">Actual behavior:&nbsp;</b></span></span> </div> </div>On mouseover of the chart, data for deselected legends is still visible.<span style=""display:inline !important;""></span><div style=""box-sizing:border-box;""><br style=""box-sizing:border-box;""><div style=""box-sizing:border-box;""><span style=""box-sizing:border-box;""><span style=""box-sizing:border-box;""><span style=""box-sizing:border-box;""><b style=""box-sizing:border-box;"">Expected behavior:</b><span style=""box-sizing:border-box;""><b style=""box-sizing:border-box;"">&nbsp;</b></span></span></span></span> </div><div style=""box-sizing:border-box;""><b>deselected legend data should not be visible.</b> </div><div style=""box-sizing:border-box;""><b><br></b> </div><div style=""box-sizing:border-box;""><span style=""box-sizing:border-box;""><span style=""box-sizing:border-box;display:inline !important;""><span style=""box-sizing:border-box;""><span style=""box-sizing:border-box;""><b style=""box-sizing:border-box;"">Note:<span style=""box-sizing:border-box;"">&nbsp;</span></b>pleas</span><span style=""box-sizing:border-box;"">e find attached Video for reference</span></span></span></span> </div> </div><div><br> </div><b>same issue observed in :</b> </div><div>168,169,196,250,356,382,430,439,448,460,478,470,467,478,480,483,485,498,503,529,536,541,737,738,739,740,741,742,743,744,745,746,747,788,794,800,803, 819,823,828,830,833, 837,838,839, 854,866,918,919,920,928,929,930,933, 934,935,1025,1038,1045,1080,1121, 1123,1126,1130,1135,1137, 1138,1152,<br><br> </div>"
"13734","Bug","[Vega Declarative chart] The Height in pixels remains the same even after making changes.",,"New","Test workflow bugs; VegaDeclarativechart","<div><a href=""https://fluentuipr.z22.web.core.windows.net/pull/35546/chart-docsite/storybook/index.html?path=/docs/charts-vegadeclarativechart--docs"">Charts / VegaDeclarativeChart - Docs ⋅ Storybook</a><br> </div>","<div style=""box-sizing:border-box;""><div style=""box-sizing:border-box;""><b style=""box-sizing:border-box;"">Repro steps:</b> </div><div style=""box-sizing:border-box;"">1. Click on link provided. </div><div style=""box-sizing:border-box;"">2. click on height pixel&nbsp; </div><div style=""box-sizing:border-box;"">3. change the pixel size and observe&nbsp; </div><div style=""box-sizing:border-box;""><br style=""box-sizing:border-box;""> </div><div style=""box-sizing:border-box;""><span style=""box-sizing:border-box;""><span style=""box-sizing:border-box;""><b style=""box-sizing:border-box;"">Actual behavior:&nbsp;</b></span></span> </div><span style=""box-sizing:border-box;display:inline !important;""></span> </div><span style=""box-sizing:border-box;display:inline !important;""></span><span style=""display:inline !important;""></span>The Height in pixels remains the same even after making changes.<div style=""box-sizing:border-box;""><br style=""box-sizing:border-box;""><div style=""box-sizing:border-box;""><span style=""box-sizing:border-box;""><span style=""box-sizing:border-box;""><span style=""box-sizing:border-box;""><b style=""box-sizing:border-box;"">Expected behavior:</b><span style=""box-sizing:border-box;""><b style=""box-sizing:border-box;"">&nbsp;</b></span></span></span></span> </div><div style=""box-sizing:border-box;""><b>there should be change if we pixel size changes.</b> </div><div style=""box-sizing:border-box;""><b style=""box-sizing:border-box;""><br style=""box-sizing:border-box;""></b> </div><div style=""box-sizing:border-box;""><span style=""box-sizing:border-box;""><span style=""box-sizing:border-box;display:inline !important;""><span style=""box-sizing:border-box;""><span style=""box-sizing:border-box;""><b style=""box-sizing:border-box;"">Note:<span style=""box-sizing:border-box;"">&nbsp;</span></b>pleas</span><span style=""box-sizing:border-box;"">e find attached Video for reference</span></span></span></span> </div> </div><br><br>"
"13733","Bug","[Vega Declarative chart] Mouseover data is misaligned and not appearing where it should.",,"New","Test workflow bugs; VegaDeclarativechart","<div><a href=""https://fluentuipr.z22.web.core.windows.net/pull/35546/chart-docsite/storybook/index.html?path=/docs/charts-vegadeclarativechart--docs"">Charts / VegaDeclarativeChart - Docs ⋅ Storybook</a><br> </div>","<div style=""box-sizing:border-box;""><div style=""box-sizing:border-box;""><b style=""box-sizing:border-box;"">Repro steps:</b> </div><div style=""box-sizing:border-box;"">1. Click on link provided. </div><div style=""box-sizing:border-box;"">2. select chart Machine utilization heatmap </div><div style=""box-sizing:border-box;"">3. mouseover on the chart. </div><div style=""box-sizing:border-box;""><br style=""box-sizing:border-box;""> </div><div style=""box-sizing:border-box;""><span style=""box-sizing:border-box;""><span style=""box-sizing:border-box;""><b style=""box-sizing:border-box;"">Actual behavior:&nbsp;</b></span></span> </div><span style=""box-sizing:border-box;display:inline !important;""></span> </div><span style=""box-sizing:border-box;display:inline !important;""></span><span style=""display:inline !important;""></span>Mouseover data is misaligned and not appearing where it should.<div style=""box-sizing:border-box;""><br style=""box-sizing:border-box;""><div style=""box-sizing:border-box;""><span style=""box-sizing:border-box;""><span style=""box-sizing:border-box;""><span style=""box-sizing:border-box;""><b style=""box-sizing:border-box;"">Expected behavior:</b><span style=""box-sizing:border-box;""><b style=""box-sizing:border-box;"">&nbsp;</b></span></span></span></span> </div><div style=""box-sizing:border-box;""><b>data should be aligned properly and displayed.</b> </div><div style=""box-sizing:border-box;""><b style=""box-sizing:border-box;""><br style=""box-sizing:border-box;""></b> </div><div style=""box-sizing:border-box;""><span style=""box-sizing:border-box;""><span style=""box-sizing:border-box;display:inline !important;""><span style=""box-sizing:border-box;""><span style=""box-sizing:border-box;""><b style=""box-sizing:border-box;"">Note:<span style=""box-sizing:border-box;"">&nbsp;</span></b>pleas</span><span style=""box-sizing:border-box;"">e find attached Video for reference</span></span></span></span> </div><div style=""box-sizing:border-box;""><span style=""box-sizing:border-box;""><span style=""box-sizing:border-box;display:inline !important;""><span style=""box-sizing:border-box;""><span style=""box-sizing:border-box;""><br></span></span></span></span> </div><div style=""box-sizing:border-box;""><span style=""box-sizing:border-box;""><span style=""box-sizing:border-box;display:inline !important;""><span style=""box-sizing:border-box;""><span style=""box-sizing:border-box;""><b>same issue observed in:</b></span></span></span></span> </div><div style=""box-sizing:border-box;""><span style=""box-sizing:border-box;""><span style=""box-sizing:border-box;display:inline !important;""><span style=""box-sizing:border-box;""><span style=""box-sizing:border-box;""><b>airqualityheatmap, Attendanceheatmap, 8,17,25,35,44,53,71,80,88,99,110,123,132,133,147,150,151,165,177,183, 192,201,213,218,238,311,366,373,402,410, 442,468,489, 490,496,499,500,523,535,570,571,572,573,574,575,576,577,578,579,580,711,713,714,715,720,722,723,750,791,809,808,811,847,893,894,895,1057,1062,1076,1087,1081,1110,1102,1124,1165,<br></b></span></span></span></span> </div> </div><br><br>"